title,category,content
"Breakthrough in Quantum Computing","Technology","Researchers at leading tech companies have developed a new approach to quantum computing that significantly reduces computational requirements by 40% while maintaining performance. The technique, called efficient attention mechanisms, promises to make advanced quantum algorithms more accessible to smaller organizations and researchers. The breakthrough could accelerate quantum technology adoption across industries from healthcare to finance. Scientists believe this development marks a crucial step toward practical quantum computers. The innovation addresses one of the major bottlenecks in quantum computing: the massive computational resources required. Industry experts predict widespread implementation within the next five years."
"Climate Change Impact on Ocean Currents","Science","A comprehensive study spanning three decades reveals significant changes in ocean current patterns due to rising global temperatures. The Atlantic Meridional Overturning Circulation has weakened by approximately 15% since measurements began. Scientists warn that continued weakening could dramatically affect weather patterns across Europe and North America. Marine ecosystems are already showing signs of stress from these changes. The research utilized data from hundreds of ocean monitoring stations worldwide. Implications for global climate models are substantial. Researchers emphasize the urgency of addressing carbon emissions to prevent further disruption to ocean systems."
"Global Stock Markets Reach Record Highs","Business","Major stock indices across Asia, Europe, and America reached unprecedented levels this week, driven by strong corporate earnings and optimistic economic forecasts. The S&P 500 closed above 5,000 points for the first time in history. Technology and healthcare sectors led the rally with double-digit gains. Investors are showing renewed confidence despite ongoing geopolitical tensions. Central banks' monetary policies continue to support market growth. Analysts caution that valuations may be stretched in certain sectors. Financial advisors recommend maintaining diversified portfolios in the current environment."
"Revolutionary AI Model for Medical Diagnosis","Technology","A new artificial intelligence system demonstrates remarkable accuracy in detecting early-stage diseases from medical imaging. The model outperforms human radiologists in identifying certain cancers by analyzing subtle patterns invisible to the naked eye. Clinical trials across ten major hospitals show a 95% accuracy rate for early detection. The system uses advanced deep learning techniques trained on millions of medical images. Healthcare providers are preparing for gradual implementation over the next two years. Patient privacy and data security remain top priorities in deployment plans. Medical professionals view this as a complementary tool rather than a replacement for human expertise."
"Discovery of Ancient Underground City","Science","Archaeologists have uncovered a vast underground city dating back 2,500 years in central Turkey. The complex spans over eight levels and could have housed up to 20,000 people. Sophisticated ventilation systems and storage facilities indicate advanced engineering knowledge. The discovery provides new insights into ancient civilization's survival strategies during invasions. Preservation efforts are underway to protect the fragile structures. The site features intricate tunnel networks connecting living quarters, religious spaces, and storage areas. Researchers believe many more chambers remain unexplored. This find ranks among the most significant archaeological discoveries of the decade."
"Electric Vehicle Sales Surge Globally","Business","Electric vehicle sales exceeded 10 million units globally last year, representing a 65% increase from the previous year. China leads the market with nearly half of all sales, followed by Europe and North America. Major automakers are expanding production capacity to meet growing demand. Battery technology improvements have extended driving ranges beyond 300 miles for most models. Charging infrastructure development is accelerating in urban areas. Government incentives continue to drive adoption in many countries. Industry analysts project electric vehicles will comprise 30% of new car sales by 2030. Traditional automakers are investing heavily in electric vehicle technology to remain competitive."
"Advances in Renewable Energy Storage","Technology","Scientists have developed a new battery technology that can store renewable energy for extended periods with minimal degradation. The innovation addresses one of solar and wind power's biggest challenges: intermittent generation. Large-scale testing shows the batteries maintain 90% capacity after 10,000 charge cycles. Manufacturing costs are projected to decrease by 50% over the next three years. Energy companies are planning pilot projects at existing renewable facilities. The technology uses abundant, environmentally friendly materials. Experts believe this could be the breakthrough needed for widespread renewable energy adoption. Grid operators are particularly interested in the technology's potential for stabilizing power supplies."
"Mental Health Crisis Among Young Adults","Science","A comprehensive global survey reveals alarming increases in anxiety and depression among young adults aged 18-25. Social media usage and pandemic-related isolation are identified as primary contributing factors. Mental health professionals report unprecedented demand for services. Universities and employers are implementing new support programs. Researchers emphasize the need for early intervention and accessible treatment options. Stigma surrounding mental health continues to decrease, encouraging more people to seek help. Telehealth services have expanded access to mental health care. Policymakers are considering increased funding for mental health initiatives. The study calls for comprehensive approaches addressing both individual and societal factors."
"Merger Creates Pharmaceutical Giant","Business","Two leading pharmaceutical companies announced a merger valued at $150 billion, creating the world's largest drug manufacturer. The combined entity will control significant market share in oncology, immunology, and rare disease treatments. Executives project $10 billion in annual cost synergies within three years. The deal requires regulatory approval in multiple jurisdictions. Patient advocacy groups are monitoring potential impacts on drug pricing. The merger reflects ongoing industry consolidation as companies seek to offset research and development costs. Investors reacted positively with both stocks rising sharply. Employment impacts remain uncertain as companies finalize integration plans. The pharmaceutical landscape is reshaping rapidly through such consolidations."
"Breakthrough in Alzheimer's Treatment","Science","Clinical trials of a new drug show promising results in slowing cognitive decline in Alzheimer's patients. The treatment targets amyloid plaques believed to cause the disease, demonstrating a 30% reduction in cognitive decline over 18 months. This represents the most significant progress in Alzheimer's treatment in decades. Over 1,000 patients participated in the phase three trials across multiple countries. Side effects were generally mild and manageable. Regulatory agencies are fast-tracking the approval process. The drug could become available to patients within the next year. Researchers caution that it is not a cure but offers hope for better disease management. Healthcare systems are preparing for potential widespread demand if approved."
